Name,ASIN,Rating,Price,ProductURL,ImageCount,ReviewCount,Breadcrumbs,BestSellerRank,MakeSureFits
,B09R8Z7ZCQ,No rating yet,,https://www.amazon.com/dp/B09R8Z7ZCQ,0,No reviews yet,,,Not found
,B00TUK0ANS,No rating yet,,https://www.amazon.com/dp/B00TUK0ANS,0,No reviews yet,,,Not found
,B09T2L9VWN,No rating yet,,https://www.amazon.com/dp/B09T2L9VWN,0,No reviews yet,,,Not found
,B09R94MJ8Q,No rating yet,,https://www.amazon.com/dp/B09R94MJ8Q,0,No reviews yet,,,Not found
,B0170MS98K,No rating yet,,https://www.amazon.com/dp/B0170MS98K,0,No reviews yet,,,Not found
,B09R9DDPV2,No rating yet,,https://www.amazon.com/dp/B09R9DDPV2,0,No reviews yet,,,Not found
,B0170MSA5W,No rating yet,,https://www.amazon.com/dp/B0170MSA5W,0,No reviews yet,,,Not found
,B015ES0T0S,No rating yet,,https://www.amazon.com/dp/B015ES0T0S,0,No reviews yet,,,Not found
,B09R9FZJR6,No rating yet,,https://www.amazon.com/dp/B09R9FZJR6,0,No reviews yet,,,Not found
,B015ES0VQ0,No rating yet,,https://www.amazon.com/dp/B015ES0VQ0,0,No reviews yet,,,Not found
,B09R8VF5PC,No rating yet,,https://www.amazon.com/dp/B09R8VF5PC,0,No reviews yet,,,Not found
,B015ES19CU,No rating yet,,https://www.amazon.com/dp/B015ES19CU,0,No reviews yet,,,Not found
,B09R8QT6Z9,No rating yet,,https://www.amazon.com/dp/B09R8QT6Z9,0,No reviews yet,,,Not found
,B015ES16CI,No rating yet,,https://www.amazon.com/dp/B015ES16CI,0,No reviews yet,,,Not found
,B00R16LD7U,No rating yet,,https://www.amazon.com/dp/B00R16LD7U,0,No reviews yet,,,Not found
,B09R9MNXTH,No rating yet,,https://www.amazon.com/dp/B09R9MNXTH,0,No reviews yet,,,Not found
,B0170MSGC4,No rating yet,,https://www.amazon.com/dp/B0170MSGC4,0,No reviews yet,,,Not found
,B09R92X29Z,No rating yet,,https://www.amazon.com/dp/B09R92X29Z,0,No reviews yet,,,Not found
,B00R16M1YE,No rating yet,,https://www.amazon.com/dp/B00R16M1YE,0,No reviews yet,,,Not found
,B09VKBGRN5,No rating yet,,https://www.amazon.com/dp/B09VKBGRN5,0,No reviews yet,,,Not found
,B09R983T4R,No rating yet,,https://www.amazon.com/dp/B09R983T4R,0,No reviews yet,,,Not found
,B00QT5R6XE,No rating yet,,https://www.amazon.com/dp/B00QT5R6XE,0,No reviews yet,,,Not found
,B00TUK1OWO,No rating yet,,https://www.amazon.com/dp/B00TUK1OWO,0,No reviews yet,,,Not found
,B09VK8QZXC,No rating yet,,https://www.amazon.com/dp/B09VK8QZXC,0,No reviews yet,,,Not found
,B09T396WHG,No rating yet,,https://www.amazon.com/dp/B09T396WHG,0,No reviews yet,,,Not found
,B09B1H6H82,No rating yet,,https://www.amazon.com/dp/B09B1H6H82,0,No reviews yet,,,Not found
,B077JF7TSP,No rating yet,,https://www.amazon.com/dp/B077JF7TSP,0,No reviews yet,,,Not found
,B06WW1KHBH,No rating yet,,https://www.amazon.com/dp/B06WW1KHBH,0,No reviews yet,,,Not found
,B015ES1RJU,No rating yet,,https://www.amazon.com/dp/B015ES1RJU,0,No reviews yet,,,Not found
,B09B1KD7MS,No rating yet,,https://www.amazon.com/dp/B09B1KD7MS,0,No reviews yet,,,Not found
,B07L8V2222,No rating yet,,https://www.amazon.com/dp/B07L8V2222,0,No reviews yet,,,Not found
,B09B1HQ4C9,No rating yet,,https://www.amazon.com/dp/B09B1HQ4C9,0,No reviews yet,,,Not found
,B09R92V6JY,No rating yet,,https://www.amazon.com/dp/B09R92V6JY,0,No reviews yet,,,Not found
,B015ES0RL4,No rating yet,,https://www.amazon.com/dp/B015ES0RL4,0,No reviews yet,,,Not found
,B09R99S647,No rating yet,,https://www.amazon.com/dp/B09R99S647,0,No reviews yet,,,Not found
,B09B1HWWMX,No rating yet,,https://www.amazon.com/dp/B09B1HWWMX,0,No reviews yet,,,Not found
,B07L8T474C,No rating yet,,https://www.amazon.com/dp/B07L8T474C,0,No reviews yet,,,Not found
,B00QSWYG72,No rating yet,,https://www.amazon.com/dp/B00QSWYG72,0,No reviews yet,,,Not found
,B09B1JMH34,No rating yet,,https://www.amazon.com/dp/B09B1JMH34,0,No reviews yet,,,Not found
,B01HIWFVZQ,No rating yet,,https://www.amazon.com/dp/B01HIWFVZQ,0,No reviews yet,,,Not found
,B09B1H6ZWG,No rating yet,,https://www.amazon.com/dp/B09B1H6ZWG,0,No reviews yet,,,Not found
,B01MY7WGP2,No rating yet,,https://www.amazon.com/dp/B01MY7WGP2,0,No reviews yet,,,Not found
,B09R9MZL15,No rating yet,,https://www.amazon.com/dp/B09R9MZL15,0,No reviews yet,,,Not found
,B07VCH7TBW,No rating yet,,https://www.amazon.com/dp/B07VCH7TBW,0,No reviews yet,,,Not found
,B09V6YZY97,No rating yet,,https://www.amazon.com/dp/B09V6YZY97,0,No reviews yet,,,Not found
,B07S41KV2P,No rating yet,,https://www.amazon.com/dp/B07S41KV2P,0,No reviews yet,,,Not found
,B0BXFR9VHS,No rating yet,,https://www.amazon.com/dp/B0BXFR9VHS,0,No reviews yet,,,Not found
,B0CDK9N1Y3,No rating yet,,https://www.amazon.com/dp/B0CDK9N1Y3,0,No reviews yet,,,Not found
,B074HWCG57,No rating yet,,https://www.amazon.com/dp/B074HWCG57,0,No reviews yet,,,Not found
,B0BNP4YTV6,No rating yet,,https://www.amazon.com/dp/B0BNP4YTV6,0,No reviews yet,,,Not found
,B074PDRYB5,No rating yet,,https://www.amazon.com/dp/B074PDRYB5,0,No reviews yet,,,Not found
,B07CYM6C7L,No rating yet,,https://www.amazon.com/dp/B07CYM6C7L,0,No reviews yet,,,Not found
,B09RMJ1XQR,No rating yet,,https://www.amazon.com/dp/B09RMJ1XQR,0,No reviews yet,,,Not found
,B07DFD5T2L,No rating yet,,https://www.amazon.com/dp/B07DFD5T2L,0,No reviews yet,,,Not found
,B07CYL1NJM,No rating yet,,https://www.amazon.com/dp/B07CYL1NJM,0,No reviews yet,,,Not found
,B09T2WTX57,No rating yet,,https://www.amazon.com/dp/B09T2WTX57,0,No reviews yet,,,Not found
,B07DF919DF,No rating yet,,https://www.amazon.com/dp/B07DF919DF,0,No reviews yet,,,Not found
,B09RMSW6CP,No rating yet,,https://www.amazon.com/dp/B09RMSW6CP,0,No reviews yet,,,Not found
,B09RM84T59,No rating yet,,https://www.amazon.com/dp/B09RM84T59,0,No reviews yet,,,Not found
,B07DF6SKG3,No rating yet,,https://www.amazon.com/dp/B07DF6SKG3,0,No reviews yet,,,Not found
,B09RMQ3ZJR,No rating yet,,https://www.amazon.com/dp/B09RMQ3ZJR,0,No reviews yet,,,Not found
,B07DF9N3VK,No rating yet,,https://www.amazon.com/dp/B07DF9N3VK,0,No reviews yet,,,Not found
,B07DFBG87B,No rating yet,,https://www.amazon.com/dp/B07DFBG87B,0,No reviews yet,,,Not found
,B07DF7NM4T,No rating yet,,https://www.amazon.com/dp/B07DF7NM4T,0,No reviews yet,,,Not found
,B09RMKWBZC,No rating yet,,https://www.amazon.com/dp/B09RMKWBZC,0,No reviews yet,,,Not found
,B0D2JMVTZF,No rating yet,,https://www.amazon.com/dp/B0D2JMVTZF,0,No reviews yet,,,Not found
,B09RM845DJ,No rating yet,,https://www.amazon.com/dp/B09RM845DJ,0,No reviews yet,,,Not found
,B09T2GQQRT,No rating yet,,https://www.amazon.com/dp/B09T2GQQRT,0,No reviews yet,,,Not found
,B09RMPY9H7,No rating yet,,https://www.amazon.com/dp/B09RMPY9H7,0,No reviews yet,,,Not found
,B07F5J81Z4,No rating yet,,https://www.amazon.com/dp/B07F5J81Z4,0,No reviews yet,,,Not found
,B09RMN66TP,No rating yet,,https://www.amazon.com/dp/B09RMN66TP,0,No reviews yet,,,Not found
,B09RMRN4W5,No rating yet,,https://www.amazon.com/dp/B09RMRN4W5,0,No reviews yet,,,Not found
,B07CYK9YNQ,No rating yet,,https://www.amazon.com/dp/B07CYK9YNQ,0,No reviews yet,,,Not found
,B09RMJXM4J,No rating yet,,https://www.amazon.com/dp/B09RMJXM4J,0,No reviews yet,,,Not found
,B07DFBZYYQ,No rating yet,,https://www.amazon.com/dp/B07DFBZYYQ,0,No reviews yet,,,Not found
,B09RMPR3K5,No rating yet,,https://www.amazon.com/dp/B09RMPR3K5,0,No reviews yet,,,Not found
,B07CYPJ754,No rating yet,,https://www.amazon.com/dp/B07CYPJ754,0,No reviews yet,,,Not found
,B07CYD2YBD,No rating yet,,https://www.amazon.com/dp/B07CYD2YBD,0,No reviews yet,,,Not found
,B09RMJ1XQS,No rating yet,,https://www.amazon.com/dp/B09RMJ1XQS,0,No reviews yet,,,Not found
,B07CYDQ79F,No rating yet,,https://www.amazon.com/dp/B07CYDQ79F,0,No reviews yet,,,Not found
,B09L44KGGZ,No rating yet,,https://www.amazon.com/dp/B09L44KGGZ,0,No reviews yet,,,Not found
,B09R9B768R,No rating yet,,https://www.amazon.com/dp/B09R9B768R,0,No reviews yet,,,Not found
,B09L4G8WWT,No rating yet,,https://www.amazon.com/dp/B09L4G8WWT,0,No reviews yet,,,Not found
,B07R232PFH,No rating yet,,https://www.amazon.com/dp/B07R232PFH,0,No reviews yet,,,Not found
,B07R34CZ9R,No rating yet,,https://www.amazon.com/dp/B07R34CZ9R,0,No reviews yet,,,Not found
,B07DF7W3TP,No rating yet,,https://www.amazon.com/dp/B07DF7W3TP,0,No reviews yet,,,Not found
,B07RN2T55W,No rating yet,,https://www.amazon.com/dp/B07RN2T55W,0,No reviews yet,,,Not found
,B09RMSG6FG,No rating yet,,https://www.amazon.com/dp/B09RMSG6FG,0,No reviews yet,,,Not found
,B09RMKFRQP,No rating yet,,https://www.amazon.com/dp/B09RMKFRQP,0,No reviews yet,,,Not found
,B09RMGVQ74,No rating yet,,https://www.amazon.com/dp/B09RMGVQ74,0,No reviews yet,,,Not found
,B09L4MDXB6,No rating yet,,https://www.amazon.com/dp/B09L4MDXB6,0,No reviews yet,,,Not found
,B09L46VVG3,No rating yet,,https://www.amazon.com/dp/B09L46VVG3,0,No reviews yet,,,Not found
,B0829M4979,No rating yet,,https://www.amazon.com/dp/B0829M4979,0,No reviews yet,,,Not found
,B08JTH97F7,No rating yet,,https://www.amazon.com/dp/B08JTH97F7,0,No reviews yet,,,Not found
,B09L3TLF97,No rating yet,,https://www.amazon.com/dp/B09L3TLF97,0,No reviews yet,,,Not found
,B09L4QB57S,No rating yet,,https://www.amazon.com/dp/B09L4QB57S,0,No reviews yet,,,Not found
,B08J2QTTXG,No rating yet,,https://www.amazon.com/dp/B08J2QTTXG,0,No reviews yet,,,Not found
,B0829LT3G9,No rating yet,,https://www.amazon.com/dp/B0829LT3G9,0,No reviews yet,,,Not found
,B09RMKVKJN,No rating yet,,https://www.amazon.com/dp/B09RMKVKJN,0,No reviews yet,,,Not found
,B07V7KGXTY,No rating yet,,https://www.amazon.com/dp/B07V7KGXTY,0,No reviews yet,,,Not found
,B0832FFSQ8,No rating yet,,https://www.amazon.com/dp/B0832FFSQ8,0,No reviews yet,,,Not found
,B09RMKQYB7,No rating yet,,https://www.amazon.com/dp/B09RMKQYB7,0,No reviews yet,,,Not found
,B08J2NY5Z2,No rating yet,,https://www.amazon.com/dp/B08J2NY5Z2,0,No reviews yet,,,Not found
,B09RMLFFWT,No rating yet,,https://www.amazon.com/dp/B09RMLFFWT,0,No reviews yet,,,Not found
,B09RMD7VSQ,No rating yet,,https://www.amazon.com/dp/B09RMD7VSQ,0,No reviews yet,,,Not found
,B086Z8X8S5,No rating yet,,https://www.amazon.com/dp/B086Z8X8S5,0,No reviews yet,,,Not found
,B09VKD3Y88,No rating yet,,https://www.amazon.com/dp/B09VKD3Y88,0,No reviews yet,,,Not found
,B08J2MFN9K,No rating yet,,https://www.amazon.com/dp/B08J2MFN9K,0,No reviews yet,,,Not found
,B08J36HG6D,No rating yet,,https://www.amazon.com/dp/B08J36HG6D,0,No reviews yet,,,Not found
,B09RMG4DVD,No rating yet,,https://www.amazon.com/dp/B09RMG4DVD,0,No reviews yet,,,Not found
,B09RM9TRGQ,No rating yet,,https://www.amazon.com/dp/B09RM9TRGQ,0,No reviews yet,,,Not found
,B09RMNJK1F,No rating yet,,https://www.amazon.com/dp/B09RMNJK1F,0,No reviews yet,,,Not found
,B0B19C7RGQ,No rating yet,,https://www.amazon.com/dp/B0B19C7RGQ,0,No reviews yet,,,Not found
,B0832NL1BB,No rating yet,,https://www.amazon.com/dp/B0832NL1BB,0,No reviews yet,,,Not found
,B09RMKDBCH,No rating yet,,https://www.amazon.com/dp/B09RMKDBCH,0,No reviews yet,,,Not found
,B09RMJCT9P,No rating yet,,https://www.amazon.com/dp/B09RMJCT9P,0,No reviews yet,,,Not found
,B0832DPTSQ,No rating yet,,https://www.amazon.com/dp/B0832DPTSQ,0,No reviews yet,,,Not found
,B0936CF6TR,No rating yet,,https://www.amazon.com/dp/B0936CF6TR,0,No reviews yet,,,Not found
,B0832Q6BNK,No rating yet,,https://www.amazon.com/dp/B0832Q6BNK,0,No reviews yet,,,Not found
,B09RMKQZF1,No rating yet,,https://www.amazon.com/dp/B09RMKQZF1,0,No reviews yet,,,Not found
,B086Z9LRT3,No rating yet,,https://www.amazon.com/dp/B086Z9LRT3,0,No reviews yet,,,Not found
,B09RMRSXD9,No rating yet,,https://www.amazon.com/dp/B09RMRSXD9,0,No reviews yet,,,Not found
,B086BGF5T5,No rating yet,,https://www.amazon.com/dp/B086BGF5T5,0,No reviews yet,,,Not found
,B09RMJ1WQL,No rating yet,,https://www.amazon.com/dp/B09RMJ1WQL,0,No reviews yet,,,Not found
,B08J2TY6TJ,No rating yet,,https://www.amazon.com/dp/B08J2TY6TJ,0,No reviews yet,,,Not found
,B09RMMNB6T,No rating yet,,https://www.amazon.com/dp/B09RMMNB6T,0,No reviews yet,,,Not found
,B086Z8KHL8,No rating yet,,https://www.amazon.com/dp/B086Z8KHL8,0,No reviews yet,,,Not found
,B09RMMJGXZ,No rating yet,,https://www.amazon.com/dp/B09RMMJGXZ,0,No reviews yet,,,Not found
,B086Z952FM,No rating yet,,https://www.amazon.com/dp/B086Z952FM,0,No reviews yet,,,Not found
,B09RMD6Z77,No rating yet,,https://www.amazon.com/dp/B09RMD6Z77,0,No reviews yet,,,Not found
,B0B19B941H,No rating yet,,https://www.amazon.com/dp/B0B19B941H,0,No reviews yet,,,Not found
,B082QWYCHX,No rating yet,,https://www.amazon.com/dp/B082QWYCHX,0,No reviews yet,,,Not found
,B09L49P28C,No rating yet,,https://www.amazon.com/dp/B09L49P28C,0,No reviews yet,,,Not found
,B0B6H34ZBD,No rating yet,,https://www.amazon.com/dp/B0B6H34ZBD,0,No reviews yet,,,Not found
,B093671CXW,No rating yet,,https://www.amazon.com/dp/B093671CXW,0,No reviews yet,,,Not found
,B09H3SX6J7,No rating yet,,https://www.amazon.com/dp/B09H3SX6J7,0,No reviews yet,,,Not found
,B0B19CT5VY,No rating yet,,https://www.amazon.com/dp/B0B19CT5VY,0,No reviews yet,,,Not found
,B093672M7Z,No rating yet,,https://www.amazon.com/dp/B093672M7Z,0,No reviews yet,,,Not found
,B0936FLJS9,No rating yet,,https://www.amazon.com/dp/B0936FLJS9,0,No reviews yet,,,Not found
,B0B19BXHG1,No rating yet,,https://www.amazon.com/dp/B0B19BXHG1,0,No reviews yet,,,Not found
,B08LZXGKB1,No rating yet,,https://www.amazon.com/dp/B08LZXGKB1,0,No reviews yet,,,Not found
,B0DJQ75QS2,No rating yet,,https://www.amazon.com/dp/B0DJQ75QS2,0,No reviews yet,,,Not found
,B09L42KJC7,No rating yet,,https://www.amazon.com/dp/B09L42KJC7,0,No reviews yet,,,Not found
,B0B5BF1KFS,No rating yet,,https://www.amazon.com/dp/B0B5BF1KFS,0,No reviews yet,,,Not found
,B0CY875RLX,No rating yet,,https://www.amazon.com/dp/B0CY875RLX,0,No reviews yet,,,Not found
,B0CY88FNBW,No rating yet,,https://www.amazon.com/dp/B0CY88FNBW,0,No reviews yet,,,Not found
,B0B5BFT7WQ,No rating yet,,https://www.amazon.com/dp/B0B5BFT7WQ,0,No reviews yet,,,Not found
,B0BS5P7SRS,No rating yet,,https://www.amazon.com/dp/B0BS5P7SRS,0,No reviews yet,,,Not found
,B0B64XTF4B,No rating yet,,https://www.amazon.com/dp/B0B64XTF4B,0,No reviews yet,,,Not found
,B0BZTF9F6W,No rating yet,,https://www.amazon.com/dp/B0BZTF9F6W,0,No reviews yet,,,Not found
,B0BS59C1QX,No rating yet,,https://www.amazon.com/dp/B0BS59C1QX,0,No reviews yet,,,Not found
,B0B64V8VDR,No rating yet,,https://www.amazon.com/dp/B0B64V8VDR,0,No reviews yet,,,Not found
,B0B62N5G98,No rating yet,,https://www.amazon.com/dp/B0B62N5G98,0,No reviews yet,,,Not found
,B0B62MFW5M,No rating yet,,https://www.amazon.com/dp/B0B62MFW5M,0,No reviews yet,,,Not found
,B0DY45JKGB,No rating yet,,https://www.amazon.com/dp/B0DY45JKGB,0,No reviews yet,,,Not found
,B0B64X1978,No rating yet,,https://www.amazon.com/dp/B0B64X1978,0,No reviews yet,,,Not found
,B0BND42SRZ,No rating yet,,https://www.amazon.com/dp/B0BND42SRZ,0,No reviews yet,,,Not found
,B0DY3P88C3,No rating yet,,https://www.amazon.com/dp/B0DY3P88C3,0,No reviews yet,,,Not found
,B0BS5JVSBK,No rating yet,,https://www.amazon.com/dp/B0BS5JVSBK,0,No reviews yet,,,Not found
,B0BS593HMF,No rating yet,,https://www.amazon.com/dp/B0BS593HMF,0,No reviews yet,,,Not found
,B0C9G5CFSZ,No rating yet,,https://www.amazon.com/dp/B0C9G5CFSZ,0,No reviews yet,,,Not found
,B0BND652W9,No rating yet,,https://www.amazon.com/dp/B0BND652W9,0,No reviews yet,,,Not found
,B0BS57X16D,No rating yet,,https://www.amazon.com/dp/B0BS57X16D,0,No reviews yet,,,Not found
,B0BS5C44M4,No rating yet,,https://www.amazon.com/dp/B0BS5C44M4,0,No reviews yet,,,Not found
,B0BND42LFM,No rating yet,,https://www.amazon.com/dp/B0BND42LFM,0,No reviews yet,,,Not found
,B0BND5X9TD,No rating yet,,https://www.amazon.com/dp/B0BND5X9TD,0,No reviews yet,,,Not found
,B0BS57M5WP,No rating yet,,https://www.amazon.com/dp/B0BS57M5WP,0,No reviews yet,,,Not found
,B0BND53S8X,No rating yet,,https://www.amazon.com/dp/B0BND53S8X,0,No reviews yet,,,Not found
,B0BS5C5LQD,No rating yet,,https://www.amazon.com/dp/B0BS5C5LQD,0,No reviews yet,,,Not found
,B0BND67JXJ,No rating yet,,https://www.amazon.com/dp/B0BND67JXJ,0,No reviews yet,,,Not found
,B0BS5BW2WM,No rating yet,,https://www.amazon.com/dp/B0BS5BW2WM,0,No reviews yet,,,Not found
,B0BND5FDYF,No rating yet,,https://www.amazon.com/dp/B0BND5FDYF,0,No reviews yet,,,Not found
,B0BS5DK2PH,No rating yet,,https://www.amazon.com/dp/B0BS5DK2PH,0,No reviews yet,,,Not found
,B0C9G6CPNN,No rating yet,,https://www.amazon.com/dp/B0C9G6CPNN,0,No reviews yet,,,Not found
,B0BS5JSQMT,No rating yet,,https://www.amazon.com/dp/B0BS5JSQMT,0,No reviews yet,,,Not found
,B0BND5GSZL,No rating yet,,https://www.amazon.com/dp/B0BND5GSZL,0,No reviews yet,,,Not found
,B0BS5893B3,No rating yet,,https://www.amazon.com/dp/B0BS5893B3,0,No reviews yet,,,Not found
,B0BND4XDNT,No rating yet,,https://www.amazon.com/dp/B0BND4XDNT,0,No reviews yet,,,Not found
,B0BND5639N,No rating yet,,https://www.amazon.com/dp/B0BND5639N,0,No reviews yet,,,Not found
,B0BS58TQH4,No rating yet,,https://www.amazon.com/dp/B0BS58TQH4,0,No reviews yet,,,Not found
,B0BND6K7TW,No rating yet,,https://www.amazon.com/dp/B0BND6K7TW,0,No reviews yet,,,Not found
,B0BS5D5ZGM,No rating yet,,https://www.amazon.com/dp/B0BS5D5ZGM,0,No reviews yet,,,Not found
,B0BND56N59,No rating yet,,https://www.amazon.com/dp/B0BND56N59,0,No reviews yet,,,Not found
,B0BS5G6D73,No rating yet,,https://www.amazon.com/dp/B0BS5G6D73,0,No reviews yet,,,Not found
,B0BND287WY,No rating yet,,https://www.amazon.com/dp/B0BND287WY,0,No reviews yet,,,Not found
,B0BS5DNHK8,No rating yet,,https://www.amazon.com/dp/B0BS5DNHK8,0,No reviews yet,,,Not found
,B0BS566MBQ,No rating yet,,https://www.amazon.com/dp/B0BS566MBQ,0,No reviews yet,,,Not found
,B0BND4V3G6,No rating yet,,https://www.amazon.com/dp/B0BND4V3G6,0,No reviews yet,,,Not found
,B0BND5H511,No rating yet,,https://www.amazon.com/dp/B0BND5H511,0,No reviews yet,,,Not found
,B0BS5DFHP1,No rating yet,,https://www.amazon.com/dp/B0BS5DFHP1,0,No reviews yet,,,Not found
,B0BND45R9Q,No rating yet,,https://www.amazon.com/dp/B0BND45R9Q,0,No reviews yet,,,Not found
,B0BND3N2NP,No rating yet,,https://www.amazon.com/dp/B0BND3N2NP,0,No reviews yet,,,Not found
,B0BND45CWC,No rating yet,,https://www.amazon.com/dp/B0BND45CWC,0,No reviews yet,,,Not found
,B0BS5C15YS,No rating yet,,https://www.amazon.com/dp/B0BS5C15YS,0,No reviews yet,,,Not found
,B0BS5JVD5T,No rating yet,,https://www.amazon.com/dp/B0BS5JVD5T,0,No reviews yet,,,Not found
,B0C7K9CRYW,No rating yet,,https://www.amazon.com/dp/B0C7K9CRYW,0,No reviews yet,,,Not found
,B0BS5SWK5Q,No rating yet,,https://www.amazon.com/dp/B0BS5SWK5Q,0,No reviews yet,,,Not found
,B0BND4VN8X,No rating yet,,https://www.amazon.com/dp/B0BND4VN8X,0,No reviews yet,,,Not found
,B0BS5GRFSR,No rating yet,,https://www.amazon.com/dp/B0BS5GRFSR,0,No reviews yet,,,Not found
,B0BND42JJ3,No rating yet,,https://www.amazon.com/dp/B0BND42JJ3,0,No reviews yet,,,Not found
,B0BS5BNNT2,No rating yet,,https://www.amazon.com/dp/B0BS5BNNT2,0,No reviews yet,,,Not found
,B0BND4XP6R,No rating yet,,https://www.amazon.com/dp/B0BND4XP6R,0,No reviews yet,,,Not found
,B0BS56695M,No rating yet,,https://www.amazon.com/dp/B0BS56695M,0,No reviews yet,,,Not found
,B0BND5P9QH,No rating yet,,https://www.amazon.com/dp/B0BND5P9QH,0,No reviews yet,,,Not found
,B0BS5FHYG7,No rating yet,,https://www.amazon.com/dp/B0BS5FHYG7,0,No reviews yet,,,Not found
,B0BND4XZXP,No rating yet,,https://www.amazon.com/dp/B0BND4XZXP,0,No reviews yet,,,Not found
,B0BS5B3X3H,No rating yet,,https://www.amazon.com/dp/B0BS5B3X3H,0,No reviews yet,,,Not found
,B0BND4B2C3,No rating yet,,https://www.amazon.com/dp/B0BND4B2C3,0,No reviews yet,,,Not found
,B0C7K22PJJ,No rating yet,,https://www.amazon.com/dp/B0C7K22PJJ,0,No reviews yet,,,Not found
,B0BS5BKG8T,No rating yet,,https://www.amazon.com/dp/B0BS5BKG8T,0,No reviews yet,,,Not found
,B0BND3V3QM,No rating yet,,https://www.amazon.com/dp/B0BND3V3QM,0,No reviews yet,,,Not found
,B0BS5C2GYW,No rating yet,,https://www.amazon.com/dp/B0BS5C2GYW,0,No reviews yet,,,Not found
,B0BND6MH51,No rating yet,,https://www.amazon.com/dp/B0BND6MH51,0,No reviews yet,,,Not found
,B0BS5NHJ6F,No rating yet,,https://www.amazon.com/dp/B0BS5NHJ6F,0,No reviews yet,,,Not found
,B0BS5PB9SH,No rating yet,,https://www.amazon.com/dp/B0BS5PB9SH,0,No reviews yet,,,Not found
,B0BNWT71HX,No rating yet,,https://www.amazon.com/dp/B0BNWT71HX,0,No reviews yet,,,Not found
,B0BND4Y181,No rating yet,,https://www.amazon.com/dp/B0BND4Y181,0,No reviews yet,,,Not found
,B0BS5BPMTT,No rating yet,,https://www.amazon.com/dp/B0BS5BPMTT,0,No reviews yet,,,Not found
,B0BNP9BCL3,No rating yet,,https://www.amazon.com/dp/B0BNP9BCL3,0,No reviews yet,,,Not found
,B0BS5LRZN8,No rating yet,,https://www.amazon.com/dp/B0BS5LRZN8,0,No reviews yet,,,Not found
,B0BS5G58WX,No rating yet,,https://www.amazon.com/dp/B0BS5G58WX,0,No reviews yet,,,Not found
,B0BNP83VVQ,No rating yet,,https://www.amazon.com/dp/B0BNP83VVQ,0,No reviews yet,,,Not found
,B0C7JXC46H,No rating yet,,https://www.amazon.com/dp/B0C7JXC46H,0,No reviews yet,,,Not found
,B0BS5CJYGK,No rating yet,,https://www.amazon.com/dp/B0BS5CJYGK,0,No reviews yet,,,Not found
,B0BNP6QFT5,No rating yet,,https://www.amazon.com/dp/B0BNP6QFT5,0,No reviews yet,,,Not found
,B0BS5JR182,No rating yet,,https://www.amazon.com/dp/B0BS5JR182,0,No reviews yet,,,Not found
,B0BNP8G128,No rating yet,,https://www.amazon.com/dp/B0BNP8G128,0,No reviews yet,,,Not found
,B0BNP8VQ4D,No rating yet,,https://www.amazon.com/dp/B0BNP8VQ4D,0,No reviews yet,,,Not found
,B0BS59NF3P,No rating yet,,https://www.amazon.com/dp/B0BS59NF3P,0,No reviews yet,,,Not found
,B0BNP8X9WL,No rating yet,,https://www.amazon.com/dp/B0BNP8X9WL,0,No reviews yet,,,Not found
,B0BNP6MX99,No rating yet,,https://www.amazon.com/dp/B0BNP6MX99,0,No reviews yet,,,Not found
,B0BS5692LX,No rating yet,,https://www.amazon.com/dp/B0BS5692LX,0,No reviews yet,,,Not found
,B0BNP8GW66,No rating yet,,https://www.amazon.com/dp/B0BNP8GW66,0,No reviews yet,,,Not found
,B0BS58XTL5,No rating yet,,https://www.amazon.com/dp/B0BS58XTL5,0,No reviews yet,,,Not found
,B0BS57PNQ3,No rating yet,,https://www.amazon.com/dp/B0BS57PNQ3,0,No reviews yet,,,Not found
,B0BNP7FDV7,No rating yet,,https://www.amazon.com/dp/B0BNP7FDV7,0,No reviews yet,,,Not found
,B0BS5BHZF5,No rating yet,,https://www.amazon.com/dp/B0BS5BHZF5,0,No reviews yet,,,Not found
,B0BNP5NT4Z,No rating yet,,https://www.amazon.com/dp/B0BNP5NT4Z,0,No reviews yet,,,Not found
,B0C7JZDDHB,No rating yet,,https://www.amazon.com/dp/B0C7JZDDHB,0,No reviews yet,,,Not found
,B0BNP73PVV,No rating yet,,https://www.amazon.com/dp/B0BNP73PVV,0,No reviews yet,,,Not found
,B0BS5MPFJN,No rating yet,,https://www.amazon.com/dp/B0BS5MPFJN,0,No reviews yet,,,Not found
,B0BNP8ZMVS,No rating yet,,https://www.amazon.com/dp/B0BNP8ZMVS,0,No reviews yet,,,Not found
,B0BS57HBCF,No rating yet,,https://www.amazon.com/dp/B0BS57HBCF,0,No reviews yet,,,Not found
,B0BS5BQKGR,No rating yet,,https://www.amazon.com/dp/B0BS5BQKGR,0,No reviews yet,,,Not found
,B0BNP8F74C,No rating yet,,https://www.amazon.com/dp/B0BNP8F74C,0,No reviews yet,,,Not found
,B0BNP7DNNG,No rating yet,,https://www.amazon.com/dp/B0BNP7DNNG,0,No reviews yet,,,Not found
,B0BS5T265V,No rating yet,,https://www.amazon.com/dp/B0BS5T265V,0,No reviews yet,,,Not found
,B0BS5JQD4G,No rating yet,,https://www.amazon.com/dp/B0BS5JQD4G,0,No reviews yet,,,Not found
,B0BNP7L683,No rating yet,,https://www.amazon.com/dp/B0BNP7L683,0,No reviews yet,,,Not found
,B0BS5BN18Z,No rating yet,,https://www.amazon.com/dp/B0BS5BN18Z,0,No reviews yet,,,Not found
,B0BNP8QBQF,No rating yet,,https://www.amazon.com/dp/B0BNP8QBQF,0,No reviews yet,,,Not found
,B0BS592391,No rating yet,,https://www.amazon.com/dp/B0BS592391,0,No reviews yet,,,Not found
,B0C7JS7LQQ,No rating yet,,https://www.amazon.com/dp/B0C7JS7LQQ,0,No reviews yet,,,Not found
,B0BNP72NBG,No rating yet,,https://www.amazon.com/dp/B0BNP72NBG,0,No reviews yet,,,Not found
,B0BS5G9KQZ,No rating yet,,https://www.amazon.com/dp/B0BS5G9KQZ,0,No reviews yet,,,Not found
,B0BNP7NQYG,No rating yet,,https://www.amazon.com/dp/B0BNP7NQYG,0,No reviews yet,,,Not found
,B0BS5SZHKN,No rating yet,,https://www.amazon.com/dp/B0BS5SZHKN,0,No reviews yet,,,Not found
,B0BNP7MZBY,No rating yet,,https://www.amazon.com/dp/B0BNP7MZBY,0,No reviews yet,,,Not found
,B0BS5BHZF9,No rating yet,,https://www.amazon.com/dp/B0BS5BHZF9,0,No reviews yet,,,Not found
,B0BS5B23NB,No rating yet,,https://www.amazon.com/dp/B0BS5B23NB,0,No reviews yet,,,Not found
,B0BNP89DXC,No rating yet,,https://www.amazon.com/dp/B0BNP89DXC,0,No reviews yet,,,Not found
,B0BS5X2VJ9,No rating yet,,https://www.amazon.com/dp/B0BS5X2VJ9,0,No reviews yet,,,Not found
,B0BNP7Y267,No rating yet,,https://www.amazon.com/dp/B0BNP7Y267,0,No reviews yet,,,Not found
,B0BNKHF2KQ,No rating yet,,https://www.amazon.com/dp/B0BNKHF2KQ,0,No reviews yet,,,Not found
,B0BS5BDHPK,No rating yet,,https://www.amazon.com/dp/B0BS5BDHPK,0,No reviews yet,,,Not found
,B0BNKHJFN5,No rating yet,,https://www.amazon.com/dp/B0BNKHJFN5,0,No reviews yet,,,Not found
,B0CWCY4WQ1,No rating yet,,https://www.amazon.com/dp/B0CWCY4WQ1,0,No reviews yet,,,Not found
,B0CWSMJ14N,No rating yet,,https://www.amazon.com/dp/B0CWSMJ14N,0,No reviews yet,,,Not found
,B0CWSLG288,No rating yet,,https://www.amazon.com/dp/B0CWSLG288,0,No reviews yet,,,Not found
,B0DD8YFGJK,No rating yet,,https://www.amazon.com/dp/B0DD8YFGJK,0,No reviews yet,,,Not found
,B0CWCFCVFY,No rating yet,,https://www.amazon.com/dp/B0CWCFCVFY,0,No reviews yet,,,Not found
,B0DD9SKMKX,No rating yet,,https://www.amazon.com/dp/B0DD9SKMKX,0,No reviews yet,,,Not found
,B0DD9BL1N7,No rating yet,,https://www.amazon.com/dp/B0DD9BL1N7,0,No reviews yet,,,Not found
,B0CWSM7P86,No rating yet,,https://www.amazon.com/dp/B0CWSM7P86,0,No reviews yet,,,Not found
,B0CWD4SLNR,No rating yet,,https://www.amazon.com/dp/B0CWD4SLNR,0,No reviews yet,,,Not found
,B0DD9B6TH4,No rating yet,,https://www.amazon.com/dp/B0DD9B6TH4,0,No reviews yet,,,Not found
,B0DD9BYL99,No rating yet,,https://www.amazon.com/dp/B0DD9BYL99,0,No reviews yet,,,Not found
,B0DD992GZQ,No rating yet,,https://www.amazon.com/dp/B0DD992GZQ,0,No reviews yet,,,Not found
,B0DD98FKK8,No rating yet,,https://www.amazon.com/dp/B0DD98FKK8,0,No reviews yet,,,Not found
,B0DD995F63,No rating yet,,https://www.amazon.com/dp/B0DD995F63,0,No reviews yet,,,Not found
,B0CWSKBW5V,No rating yet,,https://www.amazon.com/dp/B0CWSKBW5V,0,No reviews yet,,,Not found
,B0BWCS1943,No rating yet,,https://www.amazon.com/dp/B0BWCS1943,0,No reviews yet,,,Not found
,B0BWCVFNKM,No rating yet,,https://www.amazon.com/dp/B0BWCVFNKM,0,No reviews yet,,,Not found
,B0DD9GNSVW,No rating yet,,https://www.amazon.com/dp/B0DD9GNSVW,0,No reviews yet,,,Not found
,B0CWSN25XS,No rating yet,,https://www.amazon.com/dp/B0CWSN25XS,0,No reviews yet,,,Not found
,B0DD9HDD3F,No rating yet,,https://www.amazon.com/dp/B0DD9HDD3F,0,No reviews yet,,,Not found
,B0CWSLG88V,No rating yet,,https://www.amazon.com/dp/B0CWSLG88V,0,No reviews yet,,,Not found
,B0CWD1NXYX,No rating yet,,https://www.amazon.com/dp/B0CWD1NXYX,0,No reviews yet,,,Not found
,B0CWSMK4B1,No rating yet,,https://www.amazon.com/dp/B0CWSMK4B1,0,No reviews yet,,,Not found
,B0CWSL1DT8,No rating yet,,https://www.amazon.com/dp/B0CWSL1DT8,0,No reviews yet,,,Not found
,B0CWSJY7J4,No rating yet,,https://www.amazon.com/dp/B0CWSJY7J4,0,No reviews yet,,,Not found
,B0CWD56QP9,No rating yet,,https://www.amazon.com/dp/B0CWD56QP9,0,No reviews yet,,,Not found
,B0CWT9QZZH,No rating yet,,https://www.amazon.com/dp/B0CWT9QZZH,0,No reviews yet,,,Not found
,B0C7Z3D3DL,No rating yet,,https://www.amazon.com/dp/B0C7Z3D3DL,0,No reviews yet,,,Not found
,B0CG2LRZCW,No rating yet,,https://www.amazon.com/dp/B0CG2LRZCW,0,No reviews yet,,,Not found
,B0CWD7KV8B,No rating yet,,https://www.amazon.com/dp/B0CWD7KV8B,0,No reviews yet,,,Not found
,B0C9G87F5W,No rating yet,,https://www.amazon.com/dp/B0C9G87F5W,0,No reviews yet,,,Not found
,B0C7Z3RV62,No rating yet,,https://www.amazon.com/dp/B0C7Z3RV62,0,No reviews yet,,,Not found
,B0CWSNBQ1L,No rating yet,,https://www.amazon.com/dp/B0CWSNBQ1L,0,No reviews yet,,,Not found
,B0CWCQY8R6,No rating yet,,https://www.amazon.com/dp/B0CWCQY8R6,0,No reviews yet,,,Not found
,B08RVYCP1G,No rating yet,,https://www.amazon.com/dp/B08RVYCP1G,0,No reviews yet,,,Not found
,B0CWSN6614,No rating yet,,https://www.amazon.com/dp/B0CWSN6614,0,No reviews yet,,,Not found
,B077KM4YJL,No rating yet,,https://www.amazon.com/dp/B077KM4YJL,0,No reviews yet,,,Not found
,B08PQCVD9V,No rating yet,,https://www.amazon.com/dp/B08PQCVD9V,0,No reviews yet,,,Not found
,B07VVVX8N7,No rating yet,,https://www.amazon.com/dp/B07VVVX8N7,0,No reviews yet,,,Not found
,B08QDZ58NM,No rating yet,,https://www.amazon.com/dp/B08QDZ58NM,0,No reviews yet,,,Not found
,B078P3DX85,No rating yet,,https://www.amazon.com/dp/B078P3DX85,0,No reviews yet,,,Not found
,B08JSNC3GG,No rating yet,,https://www.amazon.com/dp/B08JSNC3GG,0,No reviews yet,,,Not found
,B08RVT4TH4,No rating yet,,https://www.amazon.com/dp/B08RVT4TH4,0,No reviews yet,,,Not found
,B07WV7R6VN,No rating yet,,https://www.amazon.com/dp/B07WV7R6VN,0,No reviews yet,,,Not found
,B0DRWFB7WF,No rating yet,,https://www.amazon.com/dp/B0DRWFB7WF,0,No reviews yet,,,Not found
,B0DRRQMCWT,No rating yet,,https://www.amazon.com/dp/B0DRRQMCWT,0,No reviews yet,,,Not found
,B08QDZ1JZ9,No rating yet,,https://www.amazon.com/dp/B08QDZ1JZ9,0,No reviews yet,,,Not found
,B07KY878NR,No rating yet,,https://www.amazon.com/dp/B07KY878NR,0,No reviews yet,,,Not found
,B08QDZR5D9,No rating yet,,https://www.amazon.com/dp/B08QDZR5D9,0,No reviews yet,,,Not found
,B08PQHY6XM,No rating yet,,https://www.amazon.com/dp/B08PQHY6XM,0,No reviews yet,,,Not found
,B078PB94W7,No rating yet,,https://www.amazon.com/dp/B078PB94W7,0,No reviews yet,,,Not found
,B08PQGQ3V5,No rating yet,,https://www.amazon.com/dp/B08PQGQ3V5,0,No reviews yet,,,Not found
,B07WS3C4CX,No rating yet,,https://www.amazon.com/dp/B07WS3C4CX,0,No reviews yet,,,Not found
,B078P8QHMF,No rating yet,,https://www.amazon.com/dp/B078P8QHMF,0,No reviews yet,,,Not found
,B09VKF4624,No rating yet,,https://www.amazon.com/dp/B09VKF4624,0,No reviews yet,,,Not found
,B08PQFC1P2,No rating yet,,https://www.amazon.com/dp/B08PQFC1P2,0,No reviews yet,,,Not found
,B08QDXHNMY,No rating yet,,https://www.amazon.com/dp/B08QDXHNMY,0,No reviews yet,,,Not found
,B07WV6NWPH,No rating yet,,https://www.amazon.com/dp/B07WV6NWPH,0,No reviews yet,,,Not found
,B0795C84L3,No rating yet,,https://www.amazon.com/dp/B0795C84L3,0,No reviews yet,,,Not found
,B07KQNCWCS,No rating yet,,https://www.amazon.com/dp/B07KQNCWCS,0,No reviews yet,,,Not found
,B08QDXVRYP,No rating yet,,https://www.amazon.com/dp/B08QDXVRYP,0,No reviews yet,,,Not found
,B08TG8K3L3,No rating yet,,https://www.amazon.com/dp/B08TG8K3L3,0,No reviews yet,,,Not found
,B07WT8TJD9,No rating yet,,https://www.amazon.com/dp/B07WT8TJD9,0,No reviews yet,,,Not found
,B08QDZHJK9,No rating yet,,https://www.amazon.com/dp/B08QDZHJK9,0,No reviews yet,,,Not found
,B07MTQXC5N,No rating yet,,https://www.amazon.com/dp/B07MTQXC5N,0,No reviews yet,,,Not found
,B07KY87LL6,No rating yet,,https://www.amazon.com/dp/B07KY87LL6,0,No reviews yet,,,Not found
,B08PRGWSRD,No rating yet,,https://www.amazon.com/dp/B08PRGWSRD,0,No reviews yet,,,Not found
,B08PQH9Y4V,No rating yet,,https://www.amazon.com/dp/B08PQH9Y4V,0,No reviews yet,,,Not found
,B078HPYRF1,No rating yet,,https://www.amazon.com/dp/B078HPYRF1,0,No reviews yet,,,Not found
,B0795CSVYK,No rating yet,,https://www.amazon.com/dp/B0795CSVYK,0,No reviews yet,,,Not found
,B08TGQLG1T,No rating yet,,https://www.amazon.com/dp/B08TGQLG1T,0,No reviews yet,,,Not found
,B08QDZKJMW,No rating yet,,https://www.amazon.com/dp/B08QDZKJMW,0,No reviews yet,,,Not found
,B09GXKQ9C3,No rating yet,,https://www.amazon.com/dp/B09GXKQ9C3,0,No reviews yet,,,Not found
,B0CKKNY1ZS,No rating yet,,https://www.amazon.com/dp/B0CKKNY1ZS,0,No reviews yet,,,Not found
,B09GXQNNZ6,No rating yet,,https://www.amazon.com/dp/B09GXQNNZ6,0,No reviews yet,,,Not found
,B09VK1T11K,No rating yet,,https://www.amazon.com/dp/B09VK1T11K,0,No reviews yet,,,Not found
,B09GXSNTNR,No rating yet,,https://www.amazon.com/dp/B09GXSNTNR,0,No reviews yet,,,Not found
,B0CKDM261N,No rating yet,,https://www.amazon.com/dp/B0CKDM261N,0,No reviews yet,,,Not found
,B09GXLNMJ7,No rating yet,,https://www.amazon.com/dp/B09GXLNMJ7,0,No reviews yet,,,Not found
,B097QLC2SM,No rating yet,,https://www.amazon.com/dp/B097QLC2SM,0,No reviews yet,,,Not found
,B08Y685TTJ,No rating yet,,https://www.amazon.com/dp/B08Y685TTJ,0,No reviews yet,,,Not found
,B097QKV7ZQ,No rating yet,,https://www.amazon.com/dp/B097QKV7ZQ,0,No reviews yet,,,Not found
,B077KHCPQ3,No rating yet,,https://www.amazon.com/dp/B077KHCPQ3,0,No reviews yet,,,Not found
,B078P95DNL,No rating yet,,https://www.amazon.com/dp/B078P95DNL,0,No reviews yet,,,Not found
,B08RWR7PNK,No rating yet,,https://www.amazon.com/dp/B08RWR7PNK,0,No reviews yet,,,Not found
,B08QF1F8C3,No rating yet,,https://www.amazon.com/dp/B08QF1F8C3,0,No reviews yet,,,Not found
,B08RWTKCFF,No rating yet,,https://www.amazon.com/dp/B08RWTKCFF,0,No reviews yet,,,Not found
,B08QDZD8N2,No rating yet,,https://www.amazon.com/dp/B08QDZD8N2,0,No reviews yet,,,Not found
,B078P878D8,No rating yet,,https://www.amazon.com/dp/B078P878D8,0,No reviews yet,,,Not found
,B07WP85LJ6,No rating yet,,https://www.amazon.com/dp/B07WP85LJ6,0,No reviews yet,,,Not found
,B07X2N1H2W,No rating yet,,https://www.amazon.com/dp/B07X2N1H2W,0,No reviews yet,,,Not found
,B08QDZ56C2,No rating yet,,https://www.amazon.com/dp/B08QDZ56C2,0,No reviews yet,,,Not found
,B07WP8ZVVL,No rating yet,,https://www.amazon.com/dp/B07WP8ZVVL,0,No reviews yet,,,Not found
,B08TG5V49G,No rating yet,,https://www.amazon.com/dp/B08TG5V49G,0,No reviews yet,,,Not found
,B07DF573BW,No rating yet,,https://www.amazon.com/dp/B07DF573BW,0,No reviews yet,,,Not found
,B09RMLYRL8,No rating yet,,https://www.amazon.com/dp/B09RMLYRL8,0,No reviews yet,,,Not found
,B08J2BKKLM,No rating yet,,https://www.amazon.com/dp/B08J2BKKLM,0,No reviews yet,,,Not found
,B077KJNBJM,No rating yet,,https://www.amazon.com/dp/B077KJNBJM,0,No reviews yet,,,Not found
,B09RMNFW31,No rating yet,,https://www.amazon.com/dp/B09RMNFW31,0,No reviews yet,,,Not found
,B078P9K38N,No rating yet,,https://www.amazon.com/dp/B078P9K38N,0,No reviews yet,,,Not found
,B08RW5NW9W,No rating yet,,https://www.amazon.com/dp/B08RW5NW9W,0,No reviews yet,,,Not found
,B08QF11PXM,No rating yet,,https://www.amazon.com/dp/B08QF11PXM,0,No reviews yet,,,Not found
,B0CY7HZ2J7,No rating yet,,https://www.amazon.com/dp/B0CY7HZ2J7,0,No reviews yet,,,Not found
,B0CT6BZC7Z,No rating yet,,https://www.amazon.com/dp/B0CT6BZC7Z,0,No reviews yet,,,Not found
,B0CKKWFGF2,No rating yet,,https://www.amazon.com/dp/B0CKKWFGF2,0,No reviews yet,,,Not found
,B0CKD83Q7B,No rating yet,,https://www.amazon.com/dp/B0CKD83Q7B,0,No reviews yet,,,Not found
,B085Z79715,No rating yet,,https://www.amazon.com/dp/B085Z79715,0,No reviews yet,,,Not found
,B08PQGJBY2,No rating yet,,https://www.amazon.com/dp/B08PQGJBY2,0,No reviews yet,,,Not found
,B09R9L84G5,No rating yet,,https://www.amazon.com/dp/B09R9L84G5,0,No reviews yet,,,Not found
,B08R85RQBK,No rating yet,,https://www.amazon.com/dp/B08R85RQBK,0,No reviews yet,,,Not found
,B00Y1VDNU8,No rating yet,,https://www.amazon.com/dp/B00Y1VDNU8,0,No reviews yet,,,Not found
,B0CS896F5Y,No rating yet,,https://www.amazon.com/dp/B0CS896F5Y,0,No reviews yet,,,Not found
,B0CY7WQQKT,No rating yet,,https://www.amazon.com/dp/B0CY7WQQKT,0,No reviews yet,,,Not found
,B0CY7WNX7C,No rating yet,,https://www.amazon.com/dp/B0CY7WNX7C,0,No reviews yet,,,Not found
,B0CT6DLJK8,No rating yet,,https://www.amazon.com/dp/B0CT6DLJK8,0,No reviews yet,,,Not found
,B0CY7P1F2F,No rating yet,,https://www.amazon.com/dp/B0CY7P1F2F,0,No reviews yet,,,Not found
,B0B19B4G4B,No rating yet,,https://www.amazon.com/dp/B0B19B4G4B,0,No reviews yet,,,Not found
,B0936GJMJZ,No rating yet,,https://www.amazon.com/dp/B0936GJMJZ,0,No reviews yet,,,Not found
,B0CS8V5ZDX,No rating yet,,https://www.amazon.com/dp/B0CS8V5ZDX,0,No reviews yet,,,Not found
,B078P8DFFT,No rating yet,,https://www.amazon.com/dp/B078P8DFFT,0,No reviews yet,,,Not found
,B08QDX6R1N,No rating yet,,https://www.amazon.com/dp/B08QDX6R1N,0,No reviews yet,,,Not found
,B083QZ5R49,No rating yet,,https://www.amazon.com/dp/B083QZ5R49,0,No reviews yet,,,Not found
,B08QF1H2BV,No rating yet,,https://www.amazon.com/dp/B08QF1H2BV,0,No reviews yet,,,Not found
,B08MJCX1ND,No rating yet,,https://www.amazon.com/dp/B08MJCX1ND,0,No reviews yet,,,Not found
,B08QF1BZGP,No rating yet,,https://www.amazon.com/dp/B08QF1BZGP,0,No reviews yet,,,Not found
,B07WT6Z4JG,No rating yet,,https://www.amazon.com/dp/B07WT6Z4JG,0,No reviews yet,,,Not found
,B08Q345R4Q,No rating yet,,https://www.amazon.com/dp/B08Q345R4Q,0,No reviews yet,,,Not found
,B07RPY2JT5,No rating yet,,https://www.amazon.com/dp/B07RPY2JT5,0,No reviews yet,,,Not found
,B07MTTJXRC,No rating yet,,https://www.amazon.com/dp/B07MTTJXRC,0,No reviews yet,,,Not found
,B08PQFMVH5,No rating yet,,https://www.amazon.com/dp/B08PQFMVH5,0,No reviews yet,,,Not found
,B09RMM128G,No rating yet,,https://www.amazon.com/dp/B09RMM128G,0,No reviews yet,,,Not found
,B07MZCQKLX,No rating yet,,https://www.amazon.com/dp/B07MZCQKLX,0,No reviews yet,,,Not found
,B08RWNGK5J,No rating yet,,https://www.amazon.com/dp/B08RWNGK5J,0,No reviews yet,,,Not found
,B07MTV73F7,No rating yet,,https://www.amazon.com/dp/B07MTV73F7,0,No reviews yet,,,Not found
,B08QDWMSXK,No rating yet,,https://www.amazon.com/dp/B08QDWMSXK,0,No reviews yet,,,Not found
,B08PQGPZSK,No rating yet,,https://www.amazon.com/dp/B08PQGPZSK,0,No reviews yet,,,Not found
,B07MZJ2SLG,No rating yet,,https://www.amazon.com/dp/B07MZJ2SLG,0,No reviews yet,,,Not found
,B08QF3XWGB,No rating yet,,https://www.amazon.com/dp/B08QF3XWGB,0,No reviews yet,,,Not found
,B07MTV3F4R,No rating yet,,https://www.amazon.com/dp/B07MTV3F4R,0,No reviews yet,,,Not found
,B0D2LZ3KMK,No rating yet,,https://www.amazon.com/dp/B0D2LZ3KMK,0,No reviews yet,,,Not found
,B07MZKDH89,No rating yet,,https://www.amazon.com/dp/B07MZKDH89,0,No reviews yet,,,Not found
,B07F5N53PX,No rating yet,,https://www.amazon.com/dp/B07F5N53PX,0,No reviews yet,,,Not found
,B09RMRN4W6,No rating yet,,https://www.amazon.com/dp/B09RMRN4W6,0,No reviews yet,,,Not found
,B079J66P3B,No rating yet,,https://www.amazon.com/dp/B079J66P3B,0,No reviews yet,,,Not found
,B079J4B3VN,No rating yet,,https://www.amazon.com/dp/B079J4B3VN,0,No reviews yet,,,Not found
,B0BJJZFMWZ,No rating yet,,https://www.amazon.com/dp/B0BJJZFMWZ,0,No reviews yet,,,Not found
,B08RWMY1MF,No rating yet,,https://www.amazon.com/dp/B08RWMY1MF,0,No reviews yet,,,Not found
,B08QF1GZ6X,No rating yet,,https://www.amazon.com/dp/B08QF1GZ6X,0,No reviews yet,,,Not found
,B06W2KW4RW,No rating yet,,https://www.amazon.com/dp/B06W2KW4RW,0,No reviews yet,,,Not found
,B08QF1816X,No rating yet,,https://www.amazon.com/dp/B08QF1816X,0,No reviews yet,,,Not found
,B077KP84M1,No rating yet,,https://www.amazon.com/dp/B077KP84M1,0,No reviews yet,,,Not found
,B0F58YWSCY,No rating yet,,https://www.amazon.com/dp/B0F58YWSCY,0,No reviews yet,,,Not found
,B0F472XW44,No rating yet,,https://www.amazon.com/dp/B0F472XW44,0,No reviews yet,,,Not found
,B0CCK7V6FR,No rating yet,,https://www.amazon.com/dp/B0CCK7V6FR,0,No reviews yet,,,Not found
,B0F2XKRB8X,No rating yet,,https://www.amazon.com/dp/B0F2XKRB8X,0,No reviews yet,,,Not found
,B0F59J7VMY,No rating yet,,https://www.amazon.com/dp/B0F59J7VMY,0,No reviews yet,,,Not found
,B0F58W2JKN,No rating yet,,https://www.amazon.com/dp/B0F58W2JKN,0,No reviews yet,,,Not found
,B0BJJRGB4K,No rating yet,,https://www.amazon.com/dp/B0BJJRGB4K,0,No reviews yet,,,Not found
,B07JKMY45P,No rating yet,,https://www.amazon.com/dp/B07JKMY45P,0,No reviews yet,,,Not found
,B0F2X4JZ8W,No rating yet,,https://www.amazon.com/dp/B0F2X4JZ8W,0,No reviews yet,,,Not found
,B0BJJHSYBY,No rating yet,,https://www.amazon.com/dp/B0BJJHSYBY,0,No reviews yet,,,Not found
,B0CCK5RDQK,No rating yet,,https://www.amazon.com/dp/B0CCK5RDQK,0,No reviews yet,,,Not found
,B0BJK1PRDD,No rating yet,,https://www.amazon.com/dp/B0BJK1PRDD,0,No reviews yet,,,Not found
,B0BJK1QY85,No rating yet,,https://www.amazon.com/dp/B0BJK1QY85,0,No reviews yet,,,Not found
,B0BJJQKZ15,No rating yet,,https://www.amazon.com/dp/B0BJJQKZ15,0,No reviews yet,,,Not found
,B07M8Z67VV,No rating yet,,https://www.amazon.com/dp/B07M8Z67VV,0,No reviews yet,,,Not found
